0,1,6.49611,-5.8922,0.955781,-0.392604,-4.84425,1.1,4.63467,-8.75788,1.1,12.9081,-9.12007,1.1,10.2224,2.33019,1.1
0,1,10.2579,2.32825,1.15226,6.25258,5.2545,1.1,10.83,-4.11897,1.1,-3.43249,-0.146648,1.1,5.79581,-14.5933,1.1
0,1,5.75229,-14.5512,1.0248,14.4502,-14.5439,3.05944,7.23637,-1.76154,2.84876,-1.69043,-2.11235,2.48391,-6.84292,-2.25716,3.58147,-7.73425,-14.0783,2.59551
0,1,-7.94347,-14.2662,2.39979,14.4502,-14.5439,3.05944,7.23637,-1.76154,2.84876,-1.69043,-2.11235,2.48391,-6.84292,-2.25716,3.58147,-9.35597,-16.5907,2.5955
0,1,-7.94347,-14.2662,2.39979,8.62215,-18.9709,2.71524,17.3359,-10.3628,3.91433,4.77749,1.10329,2.53172,-6.42108,2.76793,3.72577,-16.1361,5.91868,2.78907,-12.7243,-11.4879,1.10004,-0.812378,-17.0575,2.90416,7.2744,-13.3205,1.1
0,1,7.25777,-13.3558,1.11765,0.619997,-3.41099,1.1,-6.05895,-1.26839,1.1,-9.89834,-8.98626,1.1,-1.8033,-16.0336,1.1,8.68532,-10.6341,1.1
0,1,8.70572,-10.6851,1.21669,0.619997,-3.41099,3.67853,-6.05895,-1.26839,2.77155,-9.89834,-8.98626,2.79907,-1.8033,-16.0336,2.07728,8.68532,-10.6341,3.16301
0,1,8.68604,-10.6627,3.07052,7.73088,-3.58574,3.67874,2.27851,-5.73322,8.66238,-2.94895,-11.5054,2.79913,-6.84643,-15.6652,6.36381,8.68532,-10.6341,3.16301
0,1,13.0367,0.459198,1.32641,7.43616,-2.57964,3.88232,-0.940863,-1.99702,6.26365,-9.8365,3.03513,5.65433,-12.9729,-12.0485,4.03422,-4.20951,-14.9654,3.4682,0.952608,-11.5491,1.1,6.54852,-9.29155,4.75438,13.3982,-16.2291,4.00785,13.29,-10.1345,4.82621,13.0579,0.42509,1.1
0,1,-2.6541,-12.1538,1.16508,7.43616,-2.57964,3.88232,-0.940863,-1.99702,6.26365,-9.8365,3.03513,5.65433,-12.9729,-12.0485,4.03422,-1.66144,-17.8861,2.76413,-1.71951,-8.40184,1.10001,6.54852,-9.29155,4.75438,13.3982,-16.2291,4.00785,13.29,-10.1345,4.82621,13.0579,0.42509,1.1
0,1,0.031588,-0.0386087,1.94852,7.66872,-1.81931,1.1,4.76681,7.43498,1.1,-3.10221,14.2371,1.1,-10.7946,4.67802,1.1,-9.36135,-9.35193,1.1,3.44142,-11.7237,1.1,-1.72416,-14.9354,1.1,9.84152,-9.17619,1.1
0,1,-1.4016,-8.33226,0.842394,10.0997,-7.44522,1.1,4.77626,2.62827,1.1,-9.89019,2.89109,1.1,-13.8588,-4.5468,1.1,-11.933,-9.37074,1.1,-0.103256,-15.7339,1.1,9.10318,-13.4458,1.1
0,1,-1.4016,-8.33226,0.842394,-5.94881,-8.16696,1.1,-12.7986,-10.6059,1.1,-16.9739,-5.12042,1.1,-13.0831,7.94594,1.1,-8.82046,16.254,1.1
0,1,-8.83895,16.2557,1.1533,-3.99997,9.41578,1.1,-0.055902,-3.31253,1.1,-4.03715,-14.8265,1.1,8.39363,-15.8216,1.1,14.9978,-11.0142,1.1,9.77755,2.55254,1.1,-9.65091,2.79854,1.1,9.85908,-4.08535,1.1
0,1,-6.41523,3.15979,0.933322,-8.49831,3.7329,1.1001,-0.0559022,-3.31253,4.24115,-4.03715,-14.8265,3.20528,2.39184,-10.4835,1.09997,4.79047,-7.62765,1.10051,-1.11614,3.4394,1.10022,-9.68244,0.23209,1.09994,6.82889,1.00384,1.1,9.32802,-12.2757,4.42824
0,1,-0.0391931,-0.0258511,0.972442,-2.94506,-5.73823,1.1,-16.3326,5.72037,1.1,6.52716,9.53142,1.1,7.32428,-0.469155,1.1,3.11699,-11.9433,1.1
0,1,3.1321,-11.9173,1.09798,-6.01084,-13.1693,1.10014,-16.3326,5.72037,1.1,-12.0986,-7.04076,1.10073,-2.93928,-6.33734,1.10009,3.11699,-11.9433,1.1
0,1,13.0367,0.459198,1.32641,-6.0108,-13.1692,4.30415,-5.73965,-2.49382,1.09989,-12.0985,-7.04072,3.85363,-0.921081,-4.53498,2.49028,5.7531,-14.3349,9.58748
0,1,-8.73645,-7.99883,4.5067,-6.0108,-13.1692,4.30415,-5.73965,-2.49382,1.09989,-12.0985,-7.04072,3.85363,-0.921081,-4.53498,2.49028,8.17811,-14.3626,4.58759
0,1,13.0367,0.459198,1.32641,-2.19845,-15.4519,1.1,6.5937,-16.2185,1.1,5.40702,-0.551216,1.1,-0.586308,-2.20303,1.1,-15.2231,-0.713021,1.1
0,1,-15.2131,-0.723677,1.05783,-2.19845,-15.4519,4.24875,1.76752,-11.5252,5.64304,0.0998443,-3.06579,1.10008,-4.44171,-0.554273,5.03467,-15.2231,-0.713021,2.90686
0,1,-15.2058,-0.707056,2.91944,-2.19845,-15.4519,1.72709,5.3936,-10.4804,1.4634,3.72055,1.44086,1.09986,-4.29533,-4.77101,5.03467,-15.2231,-0.713021,2.90686
0,1,-0.023605,-0.0187853,0.0675859,-4.89581,-6.15711,1.1,-10.8741,0.707497,1.1,7.04023,-9.68631,1.1,6.60273,1.80521,1.1
0,1,-4.15793,-6.35798,0.980794,-1.70843,2.19289,4.34833,-10.8741,0.707497,1.8703,6.90137,-6.8627,3.59761,6.60273,1.80521,1.1
0,1,6.64316,1.75765,1.11557,2.47676,1.6981,4.34833,-10.8741,0.707497,1.8703,8.3089,-11.0087,3.07515,1.17453,4.27099,1.1
0,1,1.21177,4.23131,1.06347,5.1532,-11.7521,4.3482,-10.8741,0.707497,1.8703,-9.35443,-11.6972,3.07544,7.43491,-3.11494,1.10003,-2.49253,-0.731203,1.1,-10.9193,9.58076,9.8889
0,1,-6.01586,10.4678,1.94919,-0.294037,7.83642,1.1,6.24091,-16.9461,1.1,-14.9814,-13.8306,1.1,-0.434116,0.114089,2.8961,12.8203,-6.936,1.1,-7.28849,0.617352,1.1
0,1,-6.01586,10.4678,1.94919,-0.294037,7.83642,1.1,6.24091,-16.9461,4.89588,-14.9814,-13.8306,2.79462,-0.434162,0.113937,6.82794,12.8203,-6.936,1.1,-7.28849,0.617352,3.52469
0,1,1.43609,6.26836,1.16928,-0.294037,7.83642,3.36228,6.24091,-16.9461,4.89588,-14.9814,-13.8306,2.79462,-2.7414,4.35996,6.82805,12.8203,-6.936,5.62232,-7.28849,0.617352,3.52469
0,1,-8.74939,-7.54227,4.68109,-0.294037,7.83642,3.36228,6.24091,-16.9461,4.89588,-14.9814,-13.8306,2.79462,-2.7414,4.35996,6.82805,12.8203,-6.936,8.10124,-7.28849,0.617352,3.52469
0,1,-10.294,-7.12572,4.73489,-16.849,-1.34884,1.1,-12.9639,7.82509,1.1,-0.8576,0.422699,1.1,5.73985,-15.5647,1.1,11.0812,1.61723,1.1
0,1,11.0757,1.57049,1.16477,-16.849,-1.34884,1.1,-12.9639,7.82509,1.1,-0.8576,0.422699,1.1,5.73985,-15.5647,1.1,11.0812,1.61723,1.1,0.122634,7.70039,1.1,-10.7206,-10.1761,1.1,14.6168,-2.87429,1.1
0,1,4.78523,7.11853,0.98635,-18.0653,-2.76461,1.10001,-12.9639,7.82509,1.1,-0.0486469,0.621951,3.64127,6.76706,-13.7993,1.10003,11.0812,1.61723,1.1,0.122634,7.70039,1.1,-11.4594,-11.6508,1.10002,14.6168,-2.87429,1.1
0,1,3.70488,5.46576,1.09418,-18.0653,-2.76461,1.10001,-12.9639,7.82509,1.1,-0.0486469,0.621951,3.64127,6.76706,-13.7993,1.10003,0.608137,-11.1507,1.10002,0.122634,7.70039,1.1,-11.4594,-11.6508,1.10002,14.6168,-2.87429,4.06895
0,1,14.5047,-2.98239,3.96483,9.55631,-0.183699,1.1,-0.685585,-2.66433,1.1,-7.81781,1.09585,1.1,-17.3363,-1.16182,1.1
0,1,-5.66513,-0.21737,1.15927,9.55631,-0.183699,1.1,-0.685585,-2.66433,1.1,-4.43347,2.83755,1.10002,-12.6823,8.31514,1.09996
0,1,-5.66513,-0.21737,1.15927,9.55631,-0.183699,1.1,-0.685585,-2.66433,1.1,12.5452,-6.24201,1.1005,7.66953,-16.6667,1.10058
0,1,-2.00161,0.723992,1.03043,9.55631,-0.183699,4.04725,-0.685585,-2.66433,1.1,12.5452,-6.24201,1.1005,7.66953,-16.6667,1.10058
0,1,-0.434098,0.775575,1.33415,9.55631,-0.183699,4.04725,-12.6558,8.53937,1.10006,12.5452,-6.24201,1.1005,7.66953,-16.6667,1.10058
0,1,7.68825,-16.653,1.08866,-6.32958,-5.4181,4.04767,-2.46489,2.36221,2.70219,12.5449,-6.24209,5.53956,7.66953,-16.6667,1.10058
0,1,5.50694,-17.1277,1.89361,4.19915,7.92132,1.1,15.7957,-2.27078,1.1,-5.2765,2.12176,1.1
0,1,5.08772,-16.243,1.88287,4.19915,7.92132,1.1,15.7957,-2.27078,1.1,-5.2765,2.12176,1.1
0,1,4.4013,-14.9297,1.88154,4.19915,7.92132,7.02081,15.7957,-2.27078,1.1,-5.2765,2.12176,1.1
0,1,4.01081,-14.1057,2.17693,4.19915,7.92132,7.02081,15.7957,-2.27078,3.42358,-5.2765,2.12176,1.1
0,1,3.3292,-12.6383,2.68089,4.19915,7.92132,7.02081,15.7957,-2.27078,3.42358,-5.2765,2.12176,1.1
0,1,2.95389,-11.6527,2.9607,4.19915,7.92132,7.02081,15.7957,-2.27078,3.42358,-5.59781,11.1564,6.69862
0,1,2.95389,-11.6527,2.9607,15.6558,-13.0007,1.1,9.40748,-7.98764,1.1,-16.5105,-1.76035,1.1,-8.80446,8.4228,1.1,5.01668,2.26742,1.1
0,1,2.95389,-11.6527,2.9607,15.6558,-13.0007,1.1,9.40748,-7.98764,5.15111,-16.5105,-1.76035,1.1,-8.80446,8.4228,1.1,5.01668,2.26742,3.11492
0,1,6.6392,-11.6296,2.59418,15.6558,-13.0007,1.1,10.7787,-10.8864,5.15113,-16.5105,-1.76035,1.1,-8.80446,8.4228,1.1,5.01668,2.26742,3.11492
0,1,12.3559,-11.8905,3.84984,14.7536,-9.88165,1.1,1.77208,-13.1089,1.1,-11.8726,-13.5931,1.1,-15.9377,-6.5573,1.1,-13.5449,4.06402,1.1,3.47829,-0.0805159,1.1,10.4158,-8.31453,1.1
0,1,13.5681,-11.0866,2.88769,14.7536,-9.88165,1.1,1.77208,-13.1089,4.74947,-11.8726,-13.5931,1.1,-15.9377,-6.5573,1.1,-13.5449,4.06402,1.1,3.47829,-0.0805159,1.1,10.4158,-8.31453,1.1
0,1,14.0751,-10.6821,2.31265,14.7536,-9.88165,1.1,1.77208,-13.1089,4.74947,-11.8726,-13.5931,3.78488,-15.9377,-6.5573,1.1,-13.5449,4.06402,1.1,3.47829,-0.0805159,1.1,10.4158,-8.31453,1.1
0,1,13.5816,-9.43896,0.938802,14.7536,-9.88165,1.1,1.77208,-13.1089,4.74947,-11.8726,-13.5931,3.78488,-17.334,-9.01492,3.96754,-13.5449,4.06402,1.1,3.47829,-0.0805159,1.1,10.4158,-8.31453,1.1
0,1,14.0423,-11.2306,2.29254,14.7536,-9.88165,1.1,1.77208,-13.1089,4.74947,-11.8726,-13.5931,3.78488,-17.334,-9.01492,3.96754,-13.5449,4.06402,1.1,4.27559,-1.84941,5.02473,10.4158,-8.31453,1.1
0,1,14.0423,-11.2306,2.29254,14.7536,-9.88165,1.1,1.77208,-13.1089,2.72073,-11.8726,-13.5931,3.78488,-17.334,-9.01492,3.96754,-13.5449,4.06402,1.1,4.27559,-1.84941,5.02473,10.4158,-8.31453,1.1
0,1,13.5975,-9.66902,1.90397,14.7536,-9.88165,1.1,1.77208,-13.1089,2.72073,-11.8726,-13.5931,3.78488,-16.1784,-6.55836,3.96752,-13.5449,4.06402,1.1,4.27559,-1.84941,5.02473,10.4158,-8.31453,1.1
0,1,9.01284,-11.6825,1.30386,14.7536,-9.88165,1.1,1.77208,-13.1089,2.72073,-11.8726,-13.5931,3.78488,-16.1784,-6.55836,3.96752,-8.57682,7.32381,5.73509,4.27559,-1.84941,5.02473,10.4158,-8.31453,1.1
0,1,13.2495,-10.4176,0.944209,14.6522,-11.2591,2.53615,1.77208,-13.1089,2.72073,-11.8726,-13.5931,3.78488,-16.1784,-6.55836,3.96752,-8.57682,7.32381,5.73509,4.27559,-1.84941,5.02473,10.4158,-8.31453,1.1
0,1,13.2495,-10.4176,0.944209,14.6522,-11.2591,2.13761,1.77208,-13.1089,2.72073,-11.8726,-13.5931,3.78488,-16.1784,-6.55836,3.96752,-8.57682,7.32381,5.73509,4.27559,-1.84941,5.02473,10.4158,-8.31453,1.1
0,1,14.1948,-11.5013,2.31114,14.6522,-11.2591,2.13761,1.77208,-13.1089,2.72073,-11.8726,-13.5931,3.78488,-16.1784,-6.55836,3.96752,-8.57682,7.32381,5.73509,4.27559,-1.84941,5.02473,6.06167,-5.87046,6.85072,12.1847,-6.12293,3.53353
0,1,12.2803,-10.8111,1.65858,14.6522,-11.2591,2.13761,1.77208,-13.1089,2.72073,-11.8726,-13.5931,3.78488,-16.1784,-6.55836,3.96752,-8.57682,7.32381,5.73509,4.27559,-1.84941,5.02473,6.06167,-5.87046,6.85072,12.1847,-6.12293,3.53353
0,1,-5.69648,-12.5471,3.44174,14.6522,-11.2591,2.13761,1.77208,-13.1089,3.78789,-11.8726,-13.5931,5.51593,-16.1784,-6.55836,3.96752,-8.57682,7.32381,5.73509,4.27559,-1.84941,5.02473,6.06167,-5.87046,6.85072,12.1847,-6.12293,3.53353
0,1,-3.37924,-12.8568,3.51415,14.6522,-11.2591,2.13761,1.77208,-13.1089,1.99659,-11.8726,-13.5931,5.51593,-16.1784,-6.55836,3.96752,-8.57682,7.32381,5.73509,4.27559,-1.84941,5.02473,6.06167,-5.87046,6.85072,12.1847,-6.12293,3.53353
0,1,-3.06351,-13.3554,3.86638,14.6522,-11.2591,2.13761,1.77208,-13.1089,1.99659,-11.8726,-13.5931,5.51593,-16.1784,-6.55836,3.96752,-8.57682,7.32381,5.73509,4.27559,-1.84941,5.02473,6.06167,-5.87046,6.85072,12.1847,-6.12293,3.53353
0,1,-2.83565,-14.0958,3.86706,14.6522,-11.2591,2.13761,1.77208,-13.1089,1.99659,-11.8726,-13.5931,5.51593,-16.1784,-6.55836,3.96752,-8.57682,7.32381,5.73509,4.27559,-1.84941,5.02473,6.06167,-5.87046,6.85072,12.1847,-6.12293,3.53353
0,1,13.2495,-10.4176,0.944209,14.6522,-11.2591,2.13761,1.77208,-13.1089,1.99659,-11.8726,-13.5931,5.51593,-16.1784,-6.55836,3.96752,-8.57682,7.32381,5.73509,4.27559,-1.84941,5.02473,6.06167,-5.87046,6.85072,12.1847,-6.12293,3.53353
0,1,13.2495,-10.4176,0.944209,14.6522,-11.2591,2.13761,1.77208,-13.1089,1.99659,-11.8726,-13.5931,7.33956,-16.1784,-6.55836,3.96752,-8.57682,7.32381,5.73509,4.27559,-1.84941,5.02473,6.06167,-5.87046,6.85072,12.1847,-6.12293,3.53353
0,1,13.2495,-10.4176,0.944209,14.6522,-11.2591,2.13761,1.77208,-13.1089,1.99659,-11.8726,-13.5931,8.27815,-16.1784,-6.55836,3.96752,-8.57682,7.32381,5.73509,4.27559,-1.84941,5.02473,6.06167,-5.87046,6.85072,12.1847,-6.12293,3.53353
0,1,13.1362,-11.8341,3.39421,14.6522,-11.2591,2.13761,3.61928,-12.434,1.99659,-11.8726,-13.5931,8.27815,-16.1784,-6.55836,3.96752,-8.57682,7.32381,5.73509,4.27559,-1.84941,5.02473,6.06167,-5.87046,6.85072,12.1847,-6.12293,3.53353
0,1,13.999,-11.5328,2.895,14.6522,-11.2591,2.13761,3.61928,-12.434,1.99659,-11.8726,-13.5931,8.27815,-16.1784,-6.55836,3.96752,-8.57682,7.32381,5.73509,4.27559,-1.84941,5.02473,6.06167,-5.87046,6.85072,12.1847,-6.12293,3.53353
0,1,14.8229,-11.0601,1.6566,14.6522,-11.2591,2.13761,3.61928,-12.434,1.99659,-11.8726,-13.5931,8.27815,-16.1784,-6.55836,3.96752,-8.57682,7.32381,5.73509,4.27559,-1.84941,5.02473,6.06167,-5.87046,6.85072,12.1847,-6.12293,3.53353
0,1,-13.7563,2.36416,2.80695,14.6522,-11.2591,2.13761,3.61928,-12.434,1.99659,-11.8726,-13.5931,8.27815,-16.6652,-6.21474,3.96751,-8.37181,5.89924,5.73509,4.27559,-1.84941,5.02473,6.06167,-5.87046,6.85072,12.1847,-6.12293,3.53353
0,1,-12.4153,1.43537,2.81451,14.6522,-11.2591,2.13761,3.61928,-12.434,1.99659,-11.8726,-13.5931,8.27815,-16.6652,-6.21474,3.96751,-7.49534,4.89069,5.7351,4.27559,-1.84941,5.02473,6.06167,-5.87046,6.85072,12.1847,-6.12293,3.53353
0,1,12.0031,-6.27114,1.35708,14.6522,-11.2591,2.13761,3.61928,-12.434,7.68167,-11.8726,-13.5931,8.27815,-16.6652,-6.21474,3.96751,-7.097,4.45824,5.7351,4.27559,-1.84941,5.02473,6.06167,-5.87046,6.85072,12.1847,-6.12293,3.53353
0,1,12.0031,-6.27114,1.35708,14.6522,-11.2591,2.13761,3.61928,-12.434,6.36676,-11.8726,-13.5931,8.27815,-16.6652,-6.21474,3.96751,-7.097,4.45824,5.7351,4.27559,-1.84941,5.02473,6.06167,-5.87046,6.85072,12.1847,-6.12293,3.53353
0,1,14.2901,-9.32998,1.56711,14.6522,-11.2591,2.13761,3.61928,-12.434,6.36676,-11.8726,-13.5931,8.27815,-16.6652,-6.21474,3.96751,-7.097,4.45824,5.7351,4.27559,-1.84941,5.02473,6.06167,-5.87046,6.85072,12.1847,-6.12293,3.53353
0,1,12.1153,-12.1809,4.13985,14.8826,-16.396,2.13756,3.61928,-12.434,6.36676,-11.8726,-13.5931,8.27815,-16.6652,-6.21474,3.96751,-7.097,4.45824,5.7351,4.27559,-1.84941,5.02473,6.06167,-5.87046,6.85072,12.1847,-6.12293,3.53353
0,1,14.7541,-15.8062,2.38632,14.8826,-16.396,2.13756,3.61928,-12.434,6.36676,-11.8726,-13.5931,8.27815,-16.6652,-6.21474,3.96751,-7.097,4.45824,5.7351,4.27559,-1.84941,5.02473,6.06167,-5.87046,6.85072,12.1847,-6.12293,3.53353
0,1,14.8825,-16.3536,2.10794,14.8826,-16.396,2.13756,3.61928,-12.434,6.36676,-11.8726,-13.5931,8.27815,-16.6652,-6.21474,3.96751,-7.097,4.45824,5.7351,4.27559,-1.84941,5.02473,6.06167,-5.87046,6.85072,12.1847,-6.12293,3.53353
0,1,14.888,-16.3588,2.10939,14.8826,-16.396,2.13756,3.61928,-12.434,6.36676,-11.8726,-13.5931,8.27815,-16.6652,-6.21474,3.96751,-7.097,4.45824,5.7351,4.27559,-1.84941,5.02473,6.06167,-5.87046,6.85072,12.1847,-6.12293,3.53353
0,1,14.8925,-16.3566,2.15203,15.1859,-16.3529,2.13756,3.61928,-12.434,6.36676,-11.8726,-13.5931,8.27815,-16.6652,-6.21474,3.96751,-7.097,4.45824,5.7351,4.27559,-1.84941,5.02473,6.06167,-5.87046,6.85072,12.1847,-6.12293,3.53353
0,1,14.8825,-16.3536,2.10794,15.1859,-16.3529,2.13756,3.61928,-12.434,7.87781,-11.8726,-13.5931,8.27815,-16.6652,-6.21474,3.96751,-7.097,4.45824,5.7351,4.27559,-1.84941,5.02473,6.06167,-5.87046,6.85072,12.1847,-6.12293,3.53353
0,1,5.9584,-14.6422,5.33417,15.1859,-16.3529,2.13756,3.61928,-12.434,7.87781,-11.8726,-13.5931,8.27815,-16.6652,-6.21474,3.96751,-7.097,4.45824,5.7351,4.27559,-1.84941,5.02473,6.06167,-5.87046,6.85072,12.1847,-6.12293,3.53353
0,1,12.1085,-12.2026,4.20724,15.1859,-16.3529,2.13756,3.61928,-12.434,7.87781,-11.8726,-13.5931,8.27815,-16.6652,-6.21474,3.96751,-7.097,4.45824,5.7351,4.27559,-1.84941,5.02473,6.06167,-5.87046,6.85072,12.1847,-6.12293,3.53353
0,1,12.8725,-13.0819,3.76462,15.1859,-16.3529,2.13756,3.61928,-12.434,7.87781,-11.8726,-13.5931,8.27815,-16.6652,-6.21474,3.96751,-7.097,4.45824,5.7351,4.27559,-1.84941,5.02473,6.06167,-5.87046,6.85072,12.1847,-6.12293,3.53353
0,1,12.1336,-6.1341,3.52902,15.1859,-16.3529,2.13756,3.61928,-12.434,7.87781,-11.8726,-13.5931,8.84517,-16.6652,-6.21474,3.96751,-7.097,4.45824,5.7351,4.27559,-1.84941,5.02473,6.06167,-5.87046,6.85072,12.1847,-6.12293,3.53353
0,1,-0.0129867,-0.0414702,2.05306,15.1859,-16.3529,2.13756,3.61928,-12.434,7.87781,-11.8726,-13.5931,8.84517,-16.6652,-6.21474,3.96751,-7.097,4.45824,5.7351,4.27559,-1.84941,5.02473,6.06167,-5.87046,6.85072,12.1847,-6.12293,3.53353
0,1,14.3601,-14.759,1.08999,15.1859,-16.3529,2.13756,3.61928,-12.434,7.87781,-11.8726,-13.5931,8.84517,-16.6652,-6.21474,3.96751,-7.097,4.45824,5.7351,4.27559,-1.84941,5.02473,6.06167,-5.87046,6.85072,12.1847,-6.12293,3.53353
0,1,-11.9357,-11.6952,7.21058,14.564,-14.973,1.11375,9.144,-14.9729,5.96442,2.56071,-10.5038,1.09984,-7.80533,-7.71312,1.1,-12.7083,-10.0266,1.1,-15.5722,-6.1614,1.1,-11.932,3.64309,1.1,-2.33668,6.92342,1.10002,3.19758,1.31986,1.1,8.24187,-6.91476,1.1,13.637,-7.74043,1.1
0,1,-11.9312,-11.697,7.1221,14.564,-14.973,1.11375,9.144,-14.9729,5.96442,2.56071,-10.5038,1.09984,-7.80533,-7.71312,1.1,-12.7083,-10.0266,1.1,-15.5722,-6.1614,1.1,-11.932,3.64309,1.1,-2.33668,6.92342,1.10002,3.19758,1.31986,1.1,8.24187,-6.91476,1.1,13.637,-7.74043,1.1
0,1,-0.0354912,-0.0462961,1.97578,14.564,-14.973,1.11375,9.144,-14.9729,5.96442,2.56071,-10.5038,1.09984,-7.80533,-7.71312,1.1,-12.7083,-10.0266,1.1,-15.5722,-6.1614,1.1,-11.932,3.64309,1.1,-2.33668,6.92342,1.10002,3.19758,1.31986,1.1,8.24187,-6.91476,1.1,13.637,-7.74043,1.1
0,1,13.6036,-7.74019,1.100120,1,13.615,-7.71569,1.01374,14.7651,-10.3911,2.37155,11.4188,-14.5188,3.84039,2.82863,-12.7657,8.25482,-0.324947,-13.8045,6.45763,-4.80411,-12.994,5.50544,-3.41642,-9.41832,2.15135,-3.4205,-3.3684,3.08984,3.22925,-1.05278,3.65278,8.98638,-6.26059,5.05883
0,1,13.6036,-7.74019,1.100120,14.7651,-10.3911,2.37155,11.4188,-14.5188,3.84039,2.82863,-12.7657,9.64001,-0.324947,-13.8045,6.45763,-4.80411,-12.994,5.50544,-3.41642,-9.41832,2.15135,-3.4205,-3.3684,3.08984,3.22925,-1.05278,3.65278,8.98638,-6.26059,5.05883
0,1,13.6036,-7.74019,1.100120,14.7651,-10.3911,2.37155,11.4188,-14.5188,3.84039,2.82863,-12.7657,9.64001,0.857846,-18.9792,7.80178,-4.80411,-12.994,5.50544,-3.41642,-9.41832,2.15135,-3.4205,-3.3684,3.08984,3.22925,-1.05278,3.65278,8.98638,-6.26059,5.05883
0,1,13.6036,-7.74019,1.100120,14.7651,-10.3911,2.37155,11.4188,-14.5188,3.84039,2.25668,-15.7263,8.69284,-1.44914,-17.7531,6.63389,-4.80411,-12.994,5.50544,-3.41642,-9.41832,2.15135,-3.4205,-3.3684,3.08984,3.22925,-1.05278,3.65278,8.98638,-6.26059,5.05883
0,1,14.8221,-9.78799,2.30882,14.7651,-10.3911,2.37155,11.4188,-14.5188,3.84039,2.25668,-15.7263,8.69284,-1.44914,-17.7531,6.63389,-4.80411,-12.994,5.50544,-3.41642,-9.41832,2.15135,-3.4205,-3.3684,3.08984,3.22925,-1.05278,3.65278,8.98638,-6.26059,5.05883
0,1,13.6036,-7.74019,1.100120,14.7651,-10.3911,2.37155,11.4188,-14.5188,3.84039,2.68548,-16.3127,8.69288,-1.44914,-17.7531,6.63389,-4.80411,-12.994,5.50544,-3.41642,-9.41832,2.15135,-3.4205,-3.3684,3.08984,3.22925,-1.05278,3.65278,8.98638,-6.26059,5.05883
0,1,14.9738,-9.80908,2.2581,14.3778,-12.7258,2.37158,11.4188,-14.5188,3.84039,2.68548,-16.3127,8.69288,-1.44914,-17.7531,6.63389,-4.80411,-12.994,5.50544,-3.41642,-9.41832,2.15135,-3.4205,-3.3684,3.08984,3.22925,-1.05278,3.65278,8.98638,-6.26059,5.05883
0,1,14.6621,-12.2485,2.25542,13.3794,-12.1122,2.37158,11.4188,-14.5188,3.84039,2.68548,-16.3127,8.69288,-1.44914,-17.7531,6.63389,-4.80411,-12.994,5.50544,-3.41642,-9.41832,2.15135,-3.4205,-3.3684,3.08984,3.22925,-1.05278,3.65278,8.98638,-6.26059,5.05883
0,1,13.8063,-12.0763,2.23889,13.3794,-12.1122,2.37158,11.4188,-14.5188,3.84039,2.68548,-16.3127,8.69288,-1.44914,-17.7531,6.63389,-4.80411,-12.994,5.50544,-3.41642,-9.41832,2.15135,-3.4205,-3.3684,3.08984,3.22925,-1.05278,3.65278,8.98638,-6.26059,5.05883
0,1,-0.0503798,-0.0345478,2.06827,3.71785,-6.11592,1.1,12.6812,-4.93244,1.1,9.84868,8.81717,1.1,-4.79901,7.11148,1.1
0,1,-0.0466314,-0.0305676,2.02582,3.71785,-6.11592,1.1,12.6812,-4.93244,1.1,9.84868,8.81717,1.1,-4.79901,7.11148,1.1
0,1,-0.00949014,0.0184567,-0.0784003,3.71785,-6.11592,1.1,12.6812,-4.93244,1.1,9.84868,8.81717,1.1,-4.79901,7.11148,1.1
0,1,-0.0105954,-0.0110335,1.97608,3.71785,-6.11592,1.1,12.6812,-4.93244,1.1,9.84868,8.81717,1.1,-4.79901,7.11148,1.1
0,1,-0.0381291,0.0135012,2.08122,3.96833,-6.65545,1.1,16.6677,-14.425,1.1,10.068,-2.38983,1.1,14.2332,3.34205,1.1
0,1,14.206,3.3358,1.00249,3.96833,-6.65545,1.1,16.6677,-14.425,1.1,10.068,-2.38983,1.1,14.2332,3.34205,1.10,1,-0.0223967,-0.0259569,1.71505,3.96833,-6.65545,1.1,16.6677,-14.425,1.1,10.068,-2.38983,1.1,12.7269,5.03372,1.09999
0,1,12.6932,5.01064,1.01689,3.96833,-6.65545,1.1,16.6677,-14.425,1.1,10.068,-2.38983,1.1,12.7269,5.03372,1.09999
0,1,12.7008,5.03765,1.01804,3.96833,-6.65545,1.1,16.6677,-14.425,1.1,10.068,-2.38983,1.1,12.7269,5.03372,1.09999
0,1,15.7204,-14.6346,1.08865,3.96833,-6.65545,1.1,16.6677,-14.425,1.1,10.068,-2.38983,1.1,12.7269,5.03372,1.09999
0,1,10.0562,2.59397,1.12667,3.96833,-6.65545,1.1,16.6677,-14.425,1.1,10.068,-2.38983,1.1,12.7269,5.03372,1.09999
0,1,5.53019,1.01898,1.10014,3.96833,-6.65545,1.1,3.18476,-10.6322,1.10017,6.80359,-3.89155,1.1,-2.50799,-0.616758,1.10022
0,1,5.6449,-5.70651,0.960047,3.96833,-6.65545,1.1,3.18476,-10.6322,1.10017,6.80359,-3.89155,1.1,-2.50799,-0.616758,1.10022
0,1,6.98237,1.70138,1.12736,3.96833,-6.65545,1.1,3.18476,-10.6322,1.10017,6.80359,-3.89155,1.1,-2.50799,-0.616758,1.10022
0,1,-2.46039,-0.616445,1.12534,3.96833,-6.65545,1.1,3.18476,-10.6322,1.10017,6.80359,-3.89155,1.1,-2.50799,-0.616758,1.10022
0,1,0.0346893,0.0366514,0.105263,7.83231,-2.01944,1.1,13.0276,-11.8442,1.1,14.8999,5.26921,1.1,7.73194,8.50068,1.1
0,1,0.0213516,-0.0128061,0.0574468,7.83231,-2.01944,1.1,13.0276,-11.8442,1.1,14.8999,5.26921,1.1,7.73194,8.50068,1.1
0,1,-0.0110022,0.0249292,-0.0985723,-0.182753,-8.08392,1.1,7.12674,-12.6594,1.1,13.9036,-7.72137,1.1,14.9419,0.855915,1.1,5.99738,6.87351,1.1
0,1,0.0140301,-0.0144628,-0.191025,-0.182753,-8.08392,1.1,7.12674,-12.6594,1.1,13.9036,-7.72137,1.1,14.9419,0.855915,1.1,5.99738,6.87351,1.1
0,1,0.0166628,-0.00329436,-0.177184,-0.182753,-8.08392,1.1,7.12674,-12.6594,1.1,13.9036,-7.72137,1.1,14.9419,0.855915,1.1,5.99738,6.87351,1.1
0,1,0.0145566,0.00439842,-0.173721,-0.182753,-8.08392,1.1,7.12674,-12.6594,1.1,13.9036,-7.72137,1.1,14.9419,0.855915,1.1,5.99738,6.87351,1.1
0,1,0.0124423,0.00732504,-0.170971,-0.182753,-8.08392,1.1,7.12674,-12.6594,1.1,13.9036,-7.72137,1.1,14.9419,0.855915,1.1,5.99738,6.87351,1.1
0,1,-0.0431305,0.0738496,1.91891,-0.182753,-8.08392,1.1,7.12674,-12.6594,1.1,13.9036,-7.72137,1.1,14.9419,0.855915,1.1,5.99738,6.87351,1.1
0,1,0.00967107,0.0893413,1.97432,-0.182753,-8.08392,1.1,7.12674,-12.6594,1.1,13.9036,-7.72137,1.1,14.9419,0.855915,1.1,5.99738,6.87351,1.10,1,-0.00347508,0.00525703,-0.150963,-0.182753,-8.08392,1.1,7.12674,-12.6594,1.1,13.9036,-7.72137,1.1,14.9419,0.855915,1.1,5.99738,6.87351,1.1
0,1,-0.0551834,-0.0637157,2.03095,-0.182753,-8.08392,1.1,7.12674,-12.6594,1.1,13.9036,-7.72137,1.1,14.9419,0.855915,1.1,5.99738,6.87351,1.1
0,1,0.0110888,-0.00939465,-0.224037,0.024271,-6.60083,1.1,5.88402,-9.52073,1.1,13.0397,-6.02306,1.1,15.9733,1.82202,1.1,11.1674,4.2609,1.1,2.55028,4.84425,1.1
0,1,-0.0590102,-0.0259829,1.87722,0.024271,-6.60083,1.1,5.88402,-9.52073,1.1,13.0397,-6.02306,1.1,15.9733,1.82202,1.1,11.1674,4.2609,1.1,2.55028,4.84425,1.1
0,1,-0.022575,0.0269652,1.94297,0.024271,-6.60083,1.1,5.88402,-9.52073,1.1,13.0397,-6.02306,1.1,15.9733,1.82202,1.1,11.1674,4.2609,1.1,2.55028,4.84425,1.10,1,-0.00859715,-0.0045799,2.02887,-5.31663,-3.1338,1.1,-3.50297,-10.2143,1.1,4.06266,-11.9496,1.1,9.35621,-6.94608,1.1,-0.511263,6.77247,1.1
0,1,-0.469797,6.78533,1.10898,-5.31663,-3.1338,1.1,-3.50297,-10.2143,1.1,4.06266,-11.9496,1.1,9.35621,-6.94608,1.1,0.158745,5.97243,1.1
0,1,0.176161,5.98654,1.09774,-5.31663,-3.1338,1.1,-3.50297,-10.2143,1.1,4.06266,-11.9496,1.1,9.35621,-6.94608,1.1,0.158745,5.97243,1.1
0,1,0.176161,5.98654,1.09774,-5.31663,-3.1338,1.1,-3.50297,-10.2143,1.1,4.06266,-11.9496,1.1,9.35621,-6.94608,1.1,0.158745,5.97243,1.1
0,1,-0.00176229,-0.0169617,2.042,-5.31663,-3.1338,1.1,-3.50297,-10.2143,1.1,4.06266,-11.9496,1.1,9.35621,-6.94608,1.1,0.158745,5.97243,1.1
0,1,0.205109,6.2171,1.15268,-5.31663,-3.1338,1.1,-3.50297,-10.2143,1.1,4.06266,-11.9496,1.1,9.35621,-6.94608,1.1,0.158745,5.97243,1.1
0,1,-0.00955833,-0.0777033,2.06047,-5.31663,-3.1338,1.1,-3.50297,-10.2143,1.1,4.06266,-11.9496,1.1,9.35621,-6.94608,1.1,0.158745,5.97243,1.1
0,1,0.181571,5.97076,1.13294,-5.31663,-3.1338,1.1,-3.50297,-10.2143,1.1,4.06266,-11.9496,1.1,9.35621,-6.94608,1.1,0.158745,5.97243,1.1
0,1,0.182092,5.9617,1.12304,-5.31663,-3.1338,1.1,-3.50297,-10.2143,1.1,4.06266,-11.9496,1.1,9.35621,-6.94608,1.1,0.158745,5.97243,1.1
0,1,0.136969,5.95072,1.03384,-5.31663,-3.1338,1.1,-3.50297,-10.2143,1.1,4.06266,-11.9496,1.1,9.35621,-6.94608,1.1,0.158745,5.97243,1.1
0,1,-0.032806,0.00259529,1.95469,0.987657,-7.34662,1.1,10.078,-8.57052,1.1,14.1505,-2.90496,1.1,11.2037,1.55893,1.1,3.21377,5.27495,1.1
0,1,-0.187946,-0.0118577,1.86979,0.987657,-7.34662,1.1,10.078,-8.57052,1.1,14.1505,-2.90496,1.1,11.2037,1.55893,1.1,3.21377,5.27495,1.1
0,1,-0.172535,1.84162e-05,2.08782,0.987657,-7.34662,1.1,10.078,-8.57052,1.1,14.1505,-2.90496,1.1,11.2037,1.55893,1.1,3.21377,5.27495,1.1
0,1,-0.0266871,-0.00908182,0.513306,-1.32448,-7.4828,1.1,4.95503,-13.9508,1.1,10.3138,-7.26223,1.1,11.2376,-0.311393,1.1,3.90015,3.04001,1.1,-3.15762,-2.88151,1.1
0,1,-0.0321131,0.0135497,1.48426,-1.32448,-7.4828,1.1,4.95503,-13.9508,1.1,10.3138,-7.26223,1.1,11.2376,-0.311393,1.1,3.90015,3.04001,1.1,-3.15762,-2.88151,1.1
0,1,1.33091,0.105266,1.96397,-1.32448,-7.4828,1.1,4.95503,-13.9508,1.1,10.3138,-7.26223,1.1,11.2376,-0.311393,1.1,3.90015,3.04001,1.1,-3.15762,-2.88151,1.1
0,1,-21.974,-25.4649,1.48775,-1.32448,-7.4828,1.1,4.95503,-13.9508,1.1,10.3138,-7.26223,1.1,11.2376,-0.311393,1.1,3.90015,3.04001,1.1,-3.15762,-2.88151,1.1
0,1,-0.0067498,0.0588995,2.07461,5.08915,2.14728,1.1,6.30004,-3.61975,1.1,2.02806,-8.83488,1.1,-1.80526,-4.20871,1.1
0,1,0.00649666,-0.0103816,1.35378,5.08915,2.14728,1.1,6.30004,-3.61975,1.1,2.02806,-8.83488,1.1,-1.80526,-4.20871,1.1
0,1,-0.0148361,0.00261418,1.65546,3.31936,0.682091,1.1,5.31458,-4.4766,1.1,1.352,-7.46646,1.1,-1.2171,-3.85233,1.1
0,1,0.0291837,0.027243,1.52218,3.31936,0.682091,1.1,5.31458,-4.4766,1.1,1.352,-7.46646,1.1,-1.2171,-3.85233,1.1
0,1,-0.0378947,0.0144062,1.97421,3.31936,0.682091,1.1,5.31458,-4.4766,1.1,1.352,-7.46646,1.1,-1.2171,-3.85233,1.1
0,1,-0.0775849,0.0274603,0.988542,3.31936,0.682091,1.1,5.31458,-4.4766,1.1,1.352,-7.46646,1.1,-1.2171,-3.85233,1.1
0,1,0.0174622,0.00624218,1.52454,3.31936,0.682091,1.1,5.31458,-4.4766,1.1,1.352,-7.46646,1.1,-1.2171,-3.85233,1.1
0,1,-0.0414597,0.00537279,1.55039,3.31936,0.682091,1.1,5.31458,-4.4766,1.1,1.352,-7.46646,1.1,-1.2171,-3.85233,1.1
0,1,1.19258,0.202176,1.89872,3.31936,0.682091,1.1,5.31458,-4.4766,1.1,1.352,-7.46646,1.1,-1.2171,-3.85233,1.1
0,1,1.83107,1.32554,1.42452,3.31936,0.682091,1.1,5.31458,-4.4766,1.1,1.352,-7.46646,1.1,-1.2171,-3.85233,1.1
0,1,1.70127,1.58757,1.48892,-0.406845,1.77906,1.1,-3.59958,1.65234,1.1,-6.68157,1.72404,1.1,-7.03359,5.61679,1.1
0,1,1.90872,1.60733,1.56224,-0.406845,1.77906,1.1,-3.59958,1.65234,1.1,-6.68157,1.72404,1.1,-7.03359,5.61679,1.1
0,1,1.91234,1.66683,1.49989,-0.406845,1.77906,1.1,-3.59958,1.65234,1.1,-6.68157,1.72404,1.1,-7.03359,5.61679,1.1
0,1,2.19218,1.24114,1.47407,-0.406845,1.77906,1.1,-3.59958,1.65234,1.1,-6.68157,1.72404,1.1,-7.03359,5.61679,1.1
0,1,-0.0119244,0.0293995,1.97225,-0.406845,1.77906,1.1,-3.59958,1.65234,1.1,-6.68157,1.72404,1.1,-7.03359,5.61679,1.1
0,1,-0.0132033,-0.00799686,-0.140702,-0.406845,1.77906,1.1,-3.59958,1.65234,1.1,-6.68157,1.72404,1.1,-7.03359,5.61679,1.1
0,1,-0.0243051,0.00306893,0.0699412,-0.406845,1.77906,1.1,-3.59958,1.65234,1.1,-6.68157,1.72404,1.1,-7.03359,5.61679,1.1
0,1,2.42549,-2.32792,1.4488,-0.406845,1.77906,1.1,-3.59958,1.65234,1.1,-6.68157,1.72404,1.1,-7.03359,5.61679,1.1
0,1,-10.48,-4.09429,1.59255,-7.03655,-1.30241,1.1,-0.388099,-2.16492,1.1,1.21471,-6.84775,1.1,-1.70723,-7.96913,1.1
0,1,-0.0215963,0.00399348,1.73503,4.54657,5.16814,1.1,1.41067,12.8571,1.1,-3.79796,11.3566,1.1,-7.54701,4.91979,1.1,-5.04942,1.206,1.1
0,1,-5.04478,1.20362,0.97611,4.54657,5.16814,1.1,1.41067,12.8571,1.1,-3.79796,11.3566,1.1,-7.54701,4.91979,1.1,-5.04942,1.206,1.1
0,1,0.0293992,-0.0353429,1.95902,11.9888,0.432837,1.1,9.31197,6.70691,1.1,3.80613,15.3786,1.1,-4.10108,8.0675,1.1
0,1,-0.0415538,0.00434117,2.00933,11.9888,0.432837,1.1,9.31197,6.70691,1.1,3.80613,15.3786,1.1,-4.10108,8.0675,1.1
0,1,0.0365123,0.00208742,2.01484,4.61232,3.70767,1.1,-9.48098,8.33458,1.1,-10.1021,-0.0117512,1.1,-2.95934,5.24505,1.1
0,1,-0.194153,-6.35095,1.63081,4.61232,3.70767,1.1,-9.48098,8.33458,1.1,-10.1021,-0.0117512,1.1,-2.95934,5.24505,1.1
0,1,-0.710969,-6.85273,1.10931,4.61232,3.70767,1.1,-9.48098,8.33458,1.1,-10.1021,-0.0117512,1.1,-2.95934,5.24505,1.1
0,1,-0.0408496,-0.0204351,2.01058,4.61232,3.70767,1.1,-9.48098,8.33458,1.1,-10.1021,-0.0117512,1.1,-2.95934,5.24505,1.1
0,1,0.0390674,0.00461986,1.93977,-2.68754,-5.6506,1.1,2.17852,-11.0144,1.1,11.8306,-10.7949,1.1,14.5089,-0.5121,1.1
0,1,14.411,-0.546412,1.47799,-2.68754,-5.6506,1.1,2.17852,-11.0144,1.1,11.8306,-10.7949,1.1,14.5089,-0.5121,1.1
0,1,11.6688,0.416915,1.42143,-2.68754,-5.6506,1.1,2.17852,-11.0144,1.1,11.8306,-10.7949,1.1,14.5089,-0.5121,1.1
0,1,11.6842,0.423167,1.45515,-2.68754,-5.6506,1.1,2.17852,-11.0144,1.1,11.8306,-10.7949,1.1,14.5089,-0.5121,1.10,1,11.6691,0.468181,1.81551,-2.68754,-5.6506,1.1,2.17852,-11.0144,1.1,11.8306,-10.7949,1.1,14.5089,-0.5121,1.1
0,1,6.92274,1.35572,1.71182,-2.68754,-5.6506,1.1,2.17852,-11.0144,1.1,11.8306,-10.7949,1.1,14.5089,-0.5121,1.1
0,1,1.65536,0.779499,1.47291,-2.68754,-5.6506,1.1,2.17852,-11.0144,1.1,11.8306,-10.7949,1.1,14.5089,-0.5121,1.1
0,1,1.65475,0.778983,1.54217,-2.68754,-5.6506,1.1,2.17852,-11.0144,1.1,11.8306,-10.7949,1.1,14.5089,-0.5121,1.10,1,1.65863,0.8359,1.65293,-2.68754,-5.6506,1.1,2.17852,-11.0144,1.1,11.8306,-10.7949,1.1,14.5089,-0.5121,1.1
0,1,1.65706,0.848234,1.59564,-2.68754,-5.6506,1.1,2.17852,-11.0144,1.1,11.8306,-10.7949,1.1,14.5089,-0.5121,1.1
0,1,-2.38515,-2.47257,1.15724,-2.68754,-5.6506,1.1,2.17852,-11.0144,1.1,11.8306,-10.7949,1.1,14.5089,-0.5121,1.1
0,1,-2.39057,-2.47428,1.10738,-2.68754,-5.6506,1.1,2.17852,-11.0144,1.1,11.8306,-10.7949,1.1,14.5089,-0.5121,1.1
0,1,-2.39005,-2.47859,1.02505,-2.68754,-5.6506,1.1,2.17852,-11.0144,1.1,11.8306,-10.7949,1.1,14.5089,-0.5121,1.1
0,1,-2.10623,-7.6443,0.647158,-2.68754,-5.6506,1.1,2.17852,-11.0144,1.1,11.8306,-10.7949,1.1,14.5089,-0.5121,1.1
0,1,10.776,-11.1651,0.895118,-2.68754,-5.6506,1.1,2.17852,-11.0144,1.1,11.8306,-10.7949,1.1,14.5089,-0.5121,1.1
0,1,1.87227,-4.20748,1.10756,-2.68754,-5.6506,1.1,2.17852,-11.0144,1.1,11.8306,-10.7949,1.1,14.5089,-0.5121,1.1
0,1,0.405264,-6.83392,1.05572,-2.68754,-5.6506,1.1,2.17852,-11.0144,1.1,11.8306,-10.7949,1.1,14.5089,-0.5121,1.1
0,1,14.5055,-0.519908,1.10899,-2.68754,-5.6506,1.1,2.17852,-11.0144,1.1,11.8306,-10.7949,1.1,14.5089,-0.5121,1.1
0,1,-0.97483,-13.5956,-368.391,-2.68754,-5.6506,1.1,2.17852,-11.0144,1.1,11.8306,-10.7949,1.1,14.5089,-0.5121,1.1
0,1,0.00237946,0.000561499,0.912392,-2.68754,-5.6506,1.1,2.17852,-11.0144,1.1,11.8306,-10.7949,1.1,14.5089,-0.5121,1.1
0,1,5.26767,-11.9678,1.19919,-2.68754,-5.6506,1.1,2.17852,-11.0144,1.1,11.8306,-10.7949,1.1,14.5089,-0.5121,1.1
0,1,7.63591,-12.2896,1.26054,-2.68754,-5.6506,1.1,2.17852,-11.0144,1.1,11.8306,-10.7949,1.1,14.5089,-0.5121,1.1
0,1,2.80443,-7.43299,0.986795,-2.68754,-5.6506,1.1,2.17852,-11.0144,1.1,11.8306,-10.7949,1.1,14.5089,-0.5121,1.1
0,1,-2.21615,-7.75434,0.826345,-2.68754,-5.6506,1.1,2.17852,-11.0144,1.1,11.8306,-10.7949,1.1,14.5089,-0.5121,1.1
0,1,2.06789,-10.916,1.13596,-2.68754,-5.6506,1.1,2.17852,-11.0144,1.1,11.8306,-10.7949,1.1,14.5089,-0.5121,1.1
0,1,14.5106,-0.522869,1.10819,-2.68754,-5.6506,1.1,2.17852,-11.0144,1.1,11.8306,-10.7949,1.1,14.5089,-0.5121,1.1
0,1,-2.16382,0.0941232,1.05656,-2.68754,-5.6506,1.1,2.17852,-11.0144,1.1,11.8306,-10.7949,1.1,14.5089,-0.5121,1.1
0,1,-2.41826,-0.402521,1.1647,-2.68754,-5.6506,1.1,2.17852,-11.0144,1.1,11.8306,-10.7949,1.1,14.5089,-0.5121,1.1
0,1,14.5584,-0.652279,1.0997,-2.68754,-5.6506,1.1,2.17852,-11.0144,1.1,11.8306,-10.7949,1.1,14.5089,-0.5121,1.1
0,1,0.00899531,0.0904399,1.96256,6.16149,5.8929,1.10,1,0.0310875,0.0541613,1.97133,6.16149,5.8929,1.10,1,0.0113157,0.0885068,1.9677,9.4245,1.30579,1.1,2.48514,8.17788,1.1,-4.00512,6.84746,1.1
0,1,0.0470569,-0.00823146,-0.0293637,6.04112,2.08689,1.1,1.24682,8.28863,1.1,-3.14314,9.18478,1.1
0,1,0.0271818,0.0271704,0.0476508,6.04112,2.08689,2.69786,1.24682,8.28863,2.59051,-3.14314,9.18478,2.28316
0,1,0.0346614,0.0187553,2.01901,5.66398,1.6172,1.1,4.08806,7.59247,1.1,-0.789894,8.88562,1.1
0,1,-0.0352568,-0.0191155,1.97339,13.4797,0.170839,1.1,9.53465,5.42784,1.1,2.7408,7.76957,1.1
0,1,-0.0506604,-0.0158632,2.06299,13.4797,0.170839,1.1,9.53465,5.42784,1.1,2.7408,7.76957,1.1
0,1,-0.128785,0.0459256,-0.281827,13.4797,0.170839,1.1,9.53465,5.42784,1.1,2.7408,7.76957,1.1
0,1,-0.202633,0.0760278,0.276138,13.4797,0.170839,1.1,9.53465,5.42784,1.1,2.7408,7.76957,1.1
0,1,-0.0304348,0.019414,2.03685,7.10948,3.55412,1.1,4.29945,8.68911,1.1,-0.299674,9.89452,1.1
0,1,0.00226213,0.0688705,1.99189,3.2536,4.88585,1.10,1,-0.00969677,0.0278788,1.99896,3.2536,4.88585,1.10,1,-0.0121916,0.0288341,1.95281,3.2536,4.88585,1.1,5.18985,7.55451,1.1,1.21459,11.5008,1.1
0,1,0.0320754,0.0559883,1.95663,-1.11578,10.0866,1.10,1,0.0140452,0.00654729,-0.00894178,9.41883,0.877241,1.10,1,0.00537755,-0.020127,0.0532913,9.41883,0.877241,1.10,1,-0.0152867,0.0346631,1.948270,1,-0.0148865,0.0377026,1.946010,1,-0.0139331,0.0390359,1.945360,1,-0.0131606,0.0391767,1.945340,1,-0.0116973,0.0389868,1.945560,1,-0.0119137,0.0399016,1.94380,1,-0.0114099,0.0405309,1.939710,1,-0.0105082,0.0410373,1.936090,1,-0.00826834,0.0401912,1.931910,1,-0.00665481,0.0382754,1.931390,1,-0.00509839,0.0363124,1.930610,1,-0.00364467,0.0351321,1.928010,1,-0.0021979,0.0330372,1.927310,1,-0.000766431,0.0303097,1.927720,1,0.000569864,0.0285703,1.9280,1,0.00165189,0.0293217,1.927120,1,0.00261737,0.0290008,1.92770,1,0.00338661,0.027804,1.929720,1,0.00398069,0.0265492,1.930360,1,0.00431058,0.0262922,1.928870,1,0.00471213,0.0247939,1.92620,1,0.00457171,0.0234221,1.922540,1,0.00446908,0.0214751,1.92120,1,0.00437382,0.019164,1.922140,1,0.00416978,0.0176963,1.923070,1,0.00380557,0.0181145,1.922030,1,0.00357031,0.0179657,1.922540,1,0.00293701,0.0166765,1.926870,1,0.00356279,0.0161745,1.930890,1,0.00624334,0.0171,1.933770,1,0.00759374,0.0172112,1.935760,1,0.0100486,0.0164293,1.940780,1,0.0114799,0.0156542,1.943660,1,0.0128825,0.0154368,1.944950,1,0.0136104,0.0145384,1.947220,1,0.0138176,0.013144,1.950050,1,0.0138634,0.0119342,1.952320,1,0.0140073,0.0115176,1.952990,1,0.0136968,0.0106112,1.954050,1,0.012974,0.00933346,1.955150,1,0.0124543,0.00850795,1.955360,1,0.0126689,0.00878095,1.954240,1,0.0131523,0.00886094,1.95380,1,0.0144515,0.00886116,1.953650,1,0.0150636,0.00843715,1.955130,1,0.0150555,0.00769704,1.95660,1,0.015331,0.00721725,1.957530,1,0.016265,0.00747192,1.957030,1,0.0171936,0.00753775,1.957190,1,0.0174222,0.00711201,1.958790,1,0.0173892,0.00654483,1.958960,1,0.0179169,0.00587384,1.957990,1,0.0176106,0.00512954,1.957910,1,0.0167428,0.0043017,1.958480,1,0.016319,0.00330577,1.958310,1,0.0170333,0.00263866,1.956580,1,0.0174494,0.00105228,1.953620,1,0.0168835,5.325e-05,1.952840,1,0.0177285,-0.000598362,1.953070,1,0.0218466,-0.000631065,1.953170,1,0.0243531,-0.000716679,1.954180,1,-0.00197461,-0.0132983,1.956890,1,-0.0112547,0.00239805,2.0376,2,0,4,2.5,0,4,3,0,4
0,1,-0.0384434,0.00874039,2.06637,2,0,4,2.5,0,4,3,0,4
0,1,0.0297518,-0.0314242,-0.0848503,2,0,4,2.5,0,4,3,0,4
0,1,0.0046068,-0.0129902,0.034421,2,0,4,2.5,0,4,3,0,4
0,1,0.0364979,0.0381665,1.98138,-2,0,4,-2.5,0,4,-3,0,4
0,1,-1.55761,0.0241882,3.98978,-2,0,4,-2.5,0,4,-3,0,4
0,1,0.0236549,0.0523927,1.96554,1.9,-0.7,1.10,1,0.0255517,0.0516816,1.96578,1.9,-0.7,1.10,1,0.0293575,0.0508731,1.97025,1.9,-0.7,1.10,1,0.0284556,0.047284,1.97192,1.9,-0.7,1.10,1,0.0266139,0.0431293,1.97219,1.9,-0.7,1.10,1,0.0305502,0.0513858,1.96937,1.9,-0.7,1.10,1,0.0306502,0.0515899,1.96861,1.9,-0.7,1.10,1,0.0288973,0.0501851,1.96965,1.9,-0.7,1.10,1,0.0282412,0.0502285,1.97319,1.9,-0.7,1.10,1,0.0322986,0.0604897,1.96865,1.9,-0.7,1.10,1,0.0298169,0.0614402,1.96677,1.9,-0.7,1.10,1,0.0279741,0.059186,1.96754,1.9,-0.7,1.10,1,0.0264545,0.0591427,1.96026,1.9,-0.7,1.10,1,0.0275427,0.0583756,1.9611,1.9,-0.7,1.10,1,0.0284152,0.0546958,1.97021,1.9,-0.7,1.10,1,0.02998,0.051056,1.97622,1.9,-0.7,1.10,1,0.0297481,0.0440549,1.9791,1.9,-0.7,1.10,1,0.0272011,0.0353263,1.98307,1.9,-0.7,1.10,1,0.0272731,0.0385295,1.98594,1.9,-0.7,1.10,1,0.0233985,0.0336127,1.98771,1.9,-0.7,1.10,1,0.0226448,0.0328626,1.9901,1.9,-0.7,1.10,1,0.0207721,0.0341865,1.99331,1.9,-0.7,1.10,1,0.0171333,0.0370615,1.994,1.9,-0.7,1.10,1,0.0151307,0.0371653,1.99499,1.9,-0.7,1.10,1,0.0113745,0.0398409,1.99322,1.9,-0.7,1.10,1,0.0114578,0.0380863,1.99743,1.9,-0.7,1.10,1,0.0109308,0.0392376,2.00146,1.9,-0.7,1.10,1,0.0100423,0.0402633,2.00556,1.9,-0.7,1.10,1,0.00960948,0.0391847,2.00693,1.9,-0.7,1.10,1,0.00584305,0.0394522,2.01037,1.9,-0.7,1.10,1,-0.000730294,0.0374273,2.01282,1.9,-0.7,1.10,1,-0.0095254,0.0351425,2.0205,1.9,-0.7,1.10,1,-0.0153006,0.0334899,2.02528,1.9,-0.7,1.10,1,-0.0190635,0.0311794,2.02866,1.9,-0.7,1.10,1,-0.0255426,0.0292341,2.03494,1.9,-0.7,1.10,1,-0.0276575,0.0232845,2.04341,1.9,-0.7,1.10,1,-0.024577,0.0236453,2.04265,1.9,-0.7,1.10,1,-0.0202522,0.0205844,2.04218,1.9,-0.7,1.10,1,-0.018565,0.0196801,2.04072,1.9,-0.7,1.10,1,-0.0179117,0.0190535,2.03881,1.9,-0.7,1.10,1,-0.0177726,0.0189327,2.03626,1.9,-0.7,1.10,1,-0.0168805,0.0175879,2.03828,1.9,-0.7,1.10,1,-0.0144658,0.0287076,2.03937,1.9,-0.7,1.10,1,-0.0123649,0.0292688,2.03536,1.9,-0.7,1.10,1,-0.00861531,0.0240789,2.02742,1.9,-0.7,1.10,1,-0.00876881,0.0170752,2.02106,1.9,-0.7,1.10,1,-0.0109397,0.0134524,2.02013,1.9,-0.7,1.10,1,-0.0123176,0.0153335,2.02015,1.9,-0.7,1.10,1,-0.0144906,0.0187945,2.02195,1.9,-0.7,1.10,1,-0.0240217,0.0193404,2.02301,1.9,-0.7,1.10,1,-0.0272087,0.0173644,2.01984,1.9,-0.7,1.10,1,-0.0284636,0.0134212,2.01341,1.7,-0.5,1.30,1,-0.0288248,0.00746646,2.01155,1.7,-0.5,1.30,1,-0.0266523,-0.002285,2.01432,1.9,-0.7,1.10,1,-0.0259903,-0.00634888,2.01349,1.9,-0.7,1.10,1,-0.0237952,-0.00636722,2.00851,1.9,-0.7,1.10,1,-0.0195344,-0.0053192,2.00407,1.9,-0.7,1.10,1,-0.0169236,-0.00707906,2.00077,1.9,-0.7,1.10,1,-0.015426,-0.0115716,1.99885,1.9,-0.7,1.10,1,-0.0143648,-0.0146338,1.99741,1.9,-0.7,1.10,1,-0.0134966,-0.01681,1.99271,1.9,-0.7,1.10,1,-0.00813636,-0.0163819,1.98744,1.9,-0.7,1.10,1,-0.00457798,-0.0151786,1.98347,2.1,0.3,1.10,1,-0.00214517,-0.00699647,1.97213,2.1,0.3,1.10,1,-0.00010943,-0.00461477,1.97039,2.1,-0.7,1.10,1,0.00356348,-0.00441256,1.96375,2.1,-0.7,1.10,1,0.00519261,-0.00494035,1.96102,2.1,-0.7,1.10,1,0.000770699,-0.00512804,1.96204,2.1,-0.7,1.10,1,-0.00643458,-0.00469186,1.96094,1.7,-0.5,1.30,1,-0.0147875,-0.00453867,1.95109,1.7,-0.5,1.30,1,-0.0178235,-0.00461238,1.94813,1.7,-0.5,1.30,1,-0.0219835,-0.00336098,1.95026,1.7,-0.5,1.30,1,-0.0281898,0.00571253,1.94753,1.7,-0.5,1.30,1,-0.0292148,0.0123034,1.9486,1.7,-0.5,1.30,1,-0.0257594,0.014684,1.94793,1.7,-0.5,1.30,1,-0.023059,0.0185624,1.94407,1.7,-0.5,1.30,1,-0.0216751,0.0241066,1.94455,1.7,-0.5,1.30,1,-0.0214033,0.0295556,1.94551,1.7,-0.5,1.30,1,-0.0221598,0.0308302,1.94581,1.7,-0.5,1.30,1,-0.0187082,0.0276467,1.94812,1.7,-0.5,1.30,1,-0.00730869,0.0248284,1.94742,1.7,-0.5,1.30,1,-0.00322196,0.0269628,1.94125,1.7,-0.5,1.30,1,-0.00186648,0.0261612,1.94299,1.7,-0.5,1.30,1,0.00252022,0.0289765,1.94525,1.7,-0.5,1.30,1,0.00880953,0.0318763,1.9427,1.7,-0.5,1.30,1,0.0120871,0.030063,1.94436,1.7,-0.5,1.30,1,0.0345368,-0.0212968,2.04186,0.7,-0.5,2.50,1,0.0345368,-0.0212968,2.04186,0.7,-0.5,2.50,1,-0.0336436,-0.0138162,1.95627,1.7,-0.7,1.3,1.7,-0.7,1.3,1.7,-0.7,1.3
0,1,-0.0384878,-0.0153039,1.95636,1.7,-0.7,1.3,1.7,-0.7,1.3,1.7,-0.7,1.3
0,1,-0.00775102,0.0140308,2.0917,-2,0,4,-2.5,0,4,-3,0,4
0,1,-0.00725982,0.0142492,2.09257,-2,0,4,-2.5,0,4,-3,0,4
0,1,0.0646417,0.129428,-0.0123801,-2,0,4,-2.5,0,4,-3,0,4
0,1,-0.0606409,-0.00425719,1.96426,-2,0,4,-2.5,0,4,-3,0,4
0,1,-0.0603907,-0.00416367,1.96434,-2,0,4,-2.5,0,4,-3,0,4
0,1,0.0029005,0.00338456,2.03743,-2,0,4,-2.5,0,4,-3,0,4
